Key,Remarks,id,name,consumeType,quality,stackNum,icon,atlas,gift,description,itemspit,sellPrice,fku
807001,,807001,登陆礼包1,17,1,1,Item/icon_TiYan_V1,Icon,1:10000;2:50,"金币10000
钻石50",累计登陆1天礼包,100,
807002,,807002,登陆礼包2,17,1,1,Item/icon_TiYan_V1,Icon,1:10000;2:50,"金币10000
钻石50",累计登陆2天礼包,100,
807003,,807003,登陆礼包3,17,1,1,Item/icon_TiYan_V1,Icon,1:10000;2:50,"金币10000
钻石50",累计登陆3天礼包,100,
807004,,807004,登陆礼包4,17,1,1,Item/icon_TiYan_V1,Icon,1:10000;2:50,"金币10000
钻石50",累计登陆4天礼包,100,
807005,,807005,登陆礼包5,17,1,1,Item/icon_TiYan_V1,Icon,1:10000;2:50,"金币10000
钻石50",累计登陆5天礼包,100,
807006,,807006,登陆礼包6,17,1,1,Item/icon_TiYan_V1,Icon,1:10000;2:50,"金币10000
钻石50",累计登陆6天礼包,100,
807007,,807007,登陆礼包7,17,1,1,Item/icon_TiYan_V1,Icon,1:10000;2:50,"金币10000
钻石50",累计登陆7天礼包,100,
807008,,807008,副本挑战礼包1,17,1,1,Item/icon_TiYan_V1,Icon,1:1000;806001:10,"金币1000
扫荡卷10",副本挑战礼包1,100,
807009,,807009,副本挑战礼包2,17,1,1,Item/icon_TiYan_V1,Icon,1:2000;806001:20,"金币2000
扫荡卷20",副本挑战礼包2,100,
807010,,807010,副本挑战礼包3,17,1,1,Item/icon_TiYan_V1,Icon,1:3000;806001:30,"金币3000
扫荡卷30",副本挑战礼包3,100,
807011,,807011,副本挑战礼包4,17,1,1,Item/icon_TiYan_V1,Icon,1:4000;806001:50,"金币4000
扫荡卷50",副本挑战礼包4,100,
807012,,807012,副本挑战礼包5,17,1,1,Item/icon_TiYan_V1,Icon,1:5000;806001:100,"金币5000
扫荡卷100",副本挑战礼包5,100,
807013,,807013,副本挑战礼包6,17,1,1,Item/icon_TiYan_V1,Icon,1:6000;806001:150,"金币6000
扫荡卷150",副本挑战礼包6,100,
807014,,807014,副本挑战礼包7,17,1,1,Item/icon_TiYan_V1,Icon,1:7000;806001:200,"金币7000
扫荡卷200",副本挑战礼包7,100,
807015,,807015,精英副本挑战礼包1,17,1,1,Item/icon_TiYan_V1,Icon,2:10;806001:5,"钻石10
扫荡卷5",精英副本挑战礼包1,100,
807016,,807016,精英副本挑战礼包2,17,1,1,Item/icon_TiYan_V1,Icon,2:20;806001:10,"钻石20
扫荡卷10",精英副本挑战礼包2,100,
807017,,807017,精英副本挑战礼包3,17,1,1,Item/icon_TiYan_V1,Icon,2:50;806001:15,"钻石50
扫荡卷15",精英副本挑战礼包3,100,
807018,,807018,精英副本挑战礼包4,17,1,1,Item/icon_TiYan_V1,Icon,2:100;806001:20,"钻石100
扫荡卷20",精英副本挑战礼包4,100,
807019,,807019,精英副本挑战礼包5,17,1,1,Item/icon_TiYan_V1,Icon,2:150;806001:25,"钻石150
扫荡卷25",精英副本挑战礼包5,100,
807020,,807020,精英副本挑战礼包6,17,1,1,Item/icon_TiYan_V1,Icon,2:200;806001:30,"钻石200
扫荡卷30",精英副本挑战礼包6,100,
807021,,807021,精英副本挑战礼包7,17,1,1,Item/icon_TiYan_V1,Icon,2:250;806001:50,"钻石250
扫荡卷50",精英副本挑战礼包7,100,
807022,,807022,封神台层数礼包1,17,1,1,Item/icon_TiYan_V1,Icon,1:1000;10:2,"金币1000
铜钥匙2",封神台层数礼包1,100,
807023,,807023,封神台层数礼包2,17,1,1,Item/icon_TiYan_V1,Icon,1:2000;10:4,"金币2000
铜钥匙4",封神台层数礼包2,100,
807024,,807024,封神台层数礼包3,17,1,1,Item/icon_TiYan_V1,Icon,1:3000;10:6,"金币3000
铜钥匙6",封神台层数礼包3,100,
807025,,807025,封神台层数礼包4,17,1,1,Item/icon_TiYan_V1,Icon,1:4000;10:8,"金币4000
铜钥匙8",封神台层数礼包4,100,
807026,,807026,封神台层数礼包5,17,1,1,Item/icon_TiYan_V1,Icon,1:5000;10:10,"金币5000
铜钥匙10",封神台层数礼包5,100,
807027,,807027,封神台层数礼包6,17,1,1,Item/icon_TiYan_V1,Icon,1:6000;11:6,"金币6000
银钥匙6",封神台层数礼包6,100,
807028,,807028,封神台层数礼包7,17,1,1,Item/icon_TiYan_V1,Icon,1:7000;11:8,"金币7000
银钥匙8",封神台层数礼包7,100,
807029,,807029,金币钓鱼返利1,17,1,1,Item/icon_TiYan_V1,Icon,1:1000;806001:5,"金币1000
扫荡卷5",金币钓鱼返利1,100,
807030,,807030,金币钓鱼返利2,17,1,1,Item/icon_TiYan_V1,Icon,1:2000;806001:10,"金币2000
扫荡卷10",金币钓鱼返利2,100,
807031,,807031,金币钓鱼返利3,17,1,1,Item/icon_TiYan_V1,Icon,1:3000;806001:15,"金币3000
扫荡卷15",金币钓鱼返利3,100,
807032,,807032,金币钓鱼返利4,17,1,1,Item/icon_TiYan_V1,Icon,1:4000;806001:20,"金币4000
扫荡卷20
扫荡卷50",金币钓鱼返利4,100,
807033,,807033,钻石钓鱼返利1,17,1,1,Item/icon_TiYan_V1,Icon,1:1000;2:200,"金币1000
钻石200",钻石钓鱼返利1,100,
807034,,807034,钻石钓鱼返利2,17,1,1,Item/icon_TiYan_V1,Icon,1:3000;2:300,"金币3000
钻石300",钻石钓鱼返利2,100,
807035,,807035,钻石钓鱼返利3,17,1,1,Item/icon_TiYan_V1,Icon,1:5000;2:500,"金币5000
钻石500",钻石钓鱼返利3,100,
807036,,807036,钻石钓鱼返利4,17,1,1,Item/icon_TiYan_V1,Icon,1:8000;2:1000,"金币8000
钻石1000",钻石钓鱼返利4,100,
807037,,807037,钻石钓鱼返利5,17,1,1,Item/icon_TiYan_V1,Icon,1:8000;2:2000,"金币8000
钻石2000",钻石钓鱼返利5,100,
807038,,807038,钻石钓鱼返利6,17,1,1,Item/icon_TiYan_V1,Icon,1:10000;2:4000,"金币10000
钻石4000",钻石钓鱼返利6,100,
807039,,807039,累计充值大礼包1,17,1,1,Item/icon_TiYan_V1,Icon,1:5000;801001:10,"金币5000
1级晶石10",累计充值大礼包1,100,
807040,,807040,累计充值大礼包2,17,1,1,Item/icon_TiYan_V1,Icon,1:10000;801001:30,"金币10000
1级晶石30",累计充值大礼包2,100,
807041,,807041,累计充值大礼包3,17,1,1,Item/icon_TiYan_V1,Icon,1:10000;801001:50;602206:1,"金币10000
1级晶石50
寒冰阵1",累计充值大礼包3,100,
807042,,807042,累计充值大礼包4,17,1,1,Item/icon_TiYan_V1,Icon,1:10000;801001:80;806005:10,"金币10000
1级晶石80
法宝进阶沙10",累计充值大礼包4,100,
807043,,807043,累计充值大礼包5,17,1,1,Item/icon_TiYan_V1,Icon,1:10000;801001:100;806005:20,"金币10000
1级晶石100
法宝进阶沙20",累计充值大礼包5,100,
807044,,807044,累计充值大礼包6,17,1,1,Item/icon_TiYan_V1,Icon,1:30000;801001:120;806005:40,"金币30000
1级晶石120
法宝进阶沙40",累计充值大礼包6,100,
807045,,807045,累计充值大礼包7,17,1,1,Item/icon_TiYan_V1,Icon,1:50000;801001:150;602107:1,"金币50000
1级晶石150
离地焰光旗1",累计充值大礼包7,100,
807046,,807046,累计消费大礼包1,17,1,1,Item/icon_TiYan_V1,Icon,2:20;803002:5;1:1000,"钻石20
中级经验丹5
金币1000",累计消费大礼包1,100,
807047,,807047,累计消费大礼包2,17,1,1,Item/icon_TiYan_V1,Icon,2:30;803002:10;1:2000,"钻石30
中级经验丹10
金币2000",累计消费大礼包2,100,
807048,,807048,累计消费大礼包3,17,1,1,Item/icon_TiYan_V1,Icon,2:50;803002:15;1:3000,"钻石50
中级经验丹15
金币3000",累计消费大礼包3,100,
807049,,807049,累计消费大礼包4,17,1,1,Item/icon_TiYan_V1,Icon,2:150;803003:5;1:4000,"钻石150
高级经验丹5
金币4000",累计消费大礼包4,100,
807050,,807050,累计消费大礼包5,17,1,1,Item/icon_TiYan_V1,Icon,2:200;803003:10;1:5000,"钻石200
高级经验丹10
金币5000",累计消费大礼包5,100,
807051,,807051,累计消费大礼包6,17,1,1,Item/icon_TiYan_V1,Icon,2:300;803003:20;1:7500,"钻石300
高级经验丹20
金币7500",累计消费大礼包6,100,
807052,,807052,累计消费大礼包7,17,1,1,Item/icon_TiYan_V1,Icon,2:500;803004:10;1:10000,"钻石500
经验大仙丹10
金币10000",累计消费大礼包7,100,
807053,,807053,每日登陆礼包,17,1,1,Item/icon_TiYan_V1,Icon,1:5000,金币5000,每日登陆礼包,100,
807055,,807055,每日英雄升星礼包,17,1,1,Item/icon_TiYan_V1,Icon,1:30000,金币30000,每日英雄升星礼包,100,
807056,,807056,每日英雄进阶礼包,17,1,1,Item/icon_TiYan_V1,Icon,1:10000,金币10000,每日英雄进阶礼包,100,
807057,,807057,每日竞技场积分礼包,17,1,1,Item/icon_TiYan_V1,Icon,1:10000,金币10000,每日竞技场积分礼包,100,
807059,,807059,每日钻石钓鱼礼包,17,1,1,Item/icon_TiYan_V1,Icon,1:10000,金币10000,每日钻石钓鱼礼包,100,
807061,,807061,每日消费礼包,17,1,1,Item/icon_TiYan_V1,Icon,1:50000,金币50000,每日消费礼包,100,
807062,,807062,第1天金币消耗礼包,17,1,1,Item/icon_TiYan_V1,Icon,801001:10,1级晶石10,第1天金币消耗礼包,100,
807063,,807063,第2天金币消耗礼包,17,1,1,Item/icon_TiYan_V1,Icon,801001:20,1级晶石20,第2天金币消耗礼包,100,
807064,,807064,第3天金币消耗礼包,17,1,1,Item/icon_TiYan_V1,Icon,801001:40,1级晶石40,第3天金币消耗礼包,100,
807065,,807065,第4天金币消耗礼包,17,1,1,Item/icon_TiYan_V1,Icon,801001:50,1级晶石50,第4天金币消耗礼包,100,
807066,,807066,第5天金币消耗礼包,17,1,1,Item/icon_TiYan_V1,Icon,801001:60,1级晶石60,第5天金币消耗礼包,100,
807067,,807067,第6天金币消耗礼包,17,1,1,Item/icon_TiYan_V1,Icon,801001:70,1级晶石70,第6天金币消耗礼包,100,
807068,,807068,第7天金币消耗礼包,17,1,1,Item/icon_TiYan_V1,Icon,801001:80,1级晶石80,第7天金币消耗礼包,100,
807069,,807069,第4天封神台层数礼包,17,1,1,Item/icon_TiYan_V1,Icon,11:1;1:20000;2:30,"银钥匙1
金币20000
钻石30",第4天封神台层数礼包,100,
807070,,807070,第5天封神台层数礼包,17,1,1,Item/icon_TiYan_V1,Icon,11:1;1:30000;2:50,"银钥匙1
金币30000
钻石50",第5天封神台层数礼包,100,
807071,,807071,第6天封神台层数礼包,17,1,1,Item/icon_TiYan_V1,Icon,11:1;1:40000;2:100,"银钥匙1
金币40000
钻石100",第6天封神台层数礼包,100,
807072,,807072,第7天封神台层数礼包,17,1,1,Item/icon_TiYan_V1,Icon,11:1;1:50000;2:150,"银钥匙1
金币50000
钻石150",第7天封神台层数礼包,100,
807073,,807073,第1天豪礼,17,1,1,Item/icon_TiYan_V1,Icon,806588:5;1:20000;803001:20;806001:5,"万能魂石*5
金币*20000
初级经验丹*20
扫荡券*5",第1天豪礼,100,
807074,,807074,第2天豪礼,17,1,1,Item/icon_TiYan_V1,Icon,806588:10;1:20000;803001:20;806001:5,"万能魂石*10
金币*20000
初级经验丹*20
扫荡券*5",第2天豪礼,100,
807075,,807075,第3天豪礼,17,1,1,Item/icon_TiYan_V1,Icon,806588:15;1:40000;803002:20;806001:10,"万能魂石*15
金币*40000
中级经验丹*20
扫荡券*10",第3天豪礼,100,
807076,,807076,第4天豪礼,17,1,1,Item/icon_TiYan_V1,Icon,806588:20;1:40000;803002:20;806001:10,"万能魂石*20
金币*40000
中级经验丹*20
扫荡券*10",第4天豪礼,100,
807077,,807077,第5天豪礼,17,1,1,Item/icon_TiYan_V1,Icon,806588:25;1:60000;803003:20;806001:20,"万能魂石*25
金币*60000
高级经验丹*20
扫荡券*20",第5天豪礼,100,
807078,,807078,第6天豪礼,17,1,1,Item/icon_TiYan_V1,Icon,806588:30;1:60000;803003:20;806001:20,"万能魂石*30
金币*60000
高级经验丹*20
扫荡券*20",第6天豪礼,100,
807079,,807079,第7天豪礼,17,1,1,Item/icon_TiYan_V1,Icon,806588:35;1:80000;803003:20;806001:20,"万能魂石*35
金币*80000
高级经验丹*20
扫荡券*20",第7天豪礼,100,
807080,,807080,钻石钓鱼返利1,17,1,1,Item/icon_TiYan_V1,Icon,1:5000;2:200,"金币*5000
钻石*200",钻石钓鱼返利1,100,
807081,,807081,钻石钓鱼返利2,17,1,1,Item/icon_TiYan_V1,Icon,1:5000;2:300,"金币*5000
钻石*300",钻石钓鱼返利2,100,
807082,,807082,钻石钓鱼返利3,17,1,1,Item/icon_TiYan_V1,Icon,1:10000;2:500,"金币*10000
钻石500",钻石钓鱼返利3,100,
807083,,807083,钻石钓鱼返利4,17,1,1,Item/icon_TiYan_V1,Icon,1:20000;2:1000,"金币*20000
钻石*1000",钻石钓鱼返利4,100,
807084,,807084,钻石钓鱼返利5,17,1,1,Item/icon_TiYan_V1,Icon,1:50000;2:2000,"金币*50000
钻石*2000",钻石钓鱼返利5,100,
807085,,807085,钻石钓鱼返利6,17,1,1,Item/icon_TiYan_V1,Icon,1:100000;2:4000,"金币*100000
钻石*4000",钻石钓鱼返利6,100,
807999,,807999,首充大礼包,17,1,1,Item/icon_TiYan_V1,Icon,704029:60;1:200000;803002:10;805001:3,"魂石(妲己)60个
金币20W
中级经验丹10个
体力药剂3个",首充大礼包,100,
807901,,807901,VIP1礼包,17,1,1,Item/icon_TiYan_V1,Icon,805001:2;803002:50;1:100000,"体力药剂*2
中级经验丹*50
金币*100000",VIP1特权礼包,100,
807902,,807902,VIP2礼包,17,1,1,Item/icon_TiYan_V1,Icon,708001:10;806552:2;803002:50;1:100000,"神族印记*10
凝魂咒符*2
中级经验丹*50
金币*100000",VIP2特权礼包,100,
807903,,807903,VIP3礼包,17,1,1,Item/icon_TiYan_V1,Icon,90000330:1;803003:30;1:100000,"斗星（时装）*1
高级经验丹*30
金币*100000",VIP3特权礼包,100,
807904,,807904,VIP4礼包,17,1,1,Item/icon_TiYan_V1,Icon,603411:1;806553:1;803003:30;1:100000,"七星镜（蓝）*1
觉醒晶石*1
高级经验丹*30
金币*100000",VIP4特权礼包,100,
807905,,807905,VIP5礼包,17,1,1,Item/icon_TiYan_V1,Icon,704029:70;90001130:1;803003:30;1:100000,"魂石(妲己)*70
炽焰火翼（翅膀）*1
高级经验丹*30
金币*100000",VIP5特权礼包,100,
807906,,807906,VIP6礼包,17,1,1,Item/icon_TiYan_V1,Icon,708001:20;603421:1;806551:2;803003:30;1:100000,"神族印记*20
万佛镜（紫）*1
升符宝珠*2
高级经验丹*30
金币*100000",VIP6特权礼包,100,
807907,,807907,VIP7礼包,17,1,1,Item/icon_TiYan_V1,Icon,704029:140;90001030:1;803003:30;1:100000,"魂石(妲己)*140
幽蓝异梦（翅膀）*1
高级经验丹*30
金币*100000",VIP7特权礼包,100,
807908,,807908,VIP8礼包,17,1,1,Item/icon_TiYan_V1,Icon,708001:30;603421:1;806553:1;803004:20;1:300000,"神族印记*30
万佛镜*1
觉醒晶石*1
经验大仙丹*20
金币*300000",VIP8特权礼包,100,
807909,,807909,VIP9礼包,17,1,1,Item/icon_TiYan_V1,Icon,704031:140;803004:20;1:150000,"魂石(闻仲)*140
经验大仙丹*20
金币*150000",VIP9特权礼包,100,
807910,,807910,VIP10礼包,17,1,1,Item/icon_TiYan_V1,Icon,708001:40;806919:20;806005:60;1:300000,"神族印记*40
倾世元禳(妲己觉醒）*20
聚灵砂*60
金币*300000",VIP10特权礼包,100,
807911,,807911,VIP11礼包,17,1,1,Item/icon_TiYan_V1,Icon,2:3888;90000730:1;806006:60;803004:20;1:200000,"钻石*3888
钢铁之翼（翅膀）*1
驭法石*60
经验大仙丹*20
金币*200000",VIP11特权礼包,100,
807912,,807912,VIP12礼包,17,1,1,Item/icon_TiYan_V1,Icon,806553:8;803004:20;1:200000,"觉醒晶石*8
经验大仙丹*20
金币*200000",VIP12特权礼包,100,
807913,,807913,VIP13礼包,17,1,1,Item/icon_TiYan_V1,Icon,704031:160;90000830:1;806007:60;1:600000,"魂石(闻仲)*160
粉色之恋（翅膀）*1
唤神玉*60
金币*600000",VIP13特权礼包,100,
807914,,807914,VIP14礼包,17,1,1,Item/icon_TiYan_V1,Icon,806553:20;806552:10;806551:10;803004:20;1:600000,"觉醒晶石*20
凝魂咒符*10
升符宝珠*10
经验大仙丹*20
金币*600000",VIP14特权礼包,100,
807915,,807915,VIP15礼包,17,1,1,Item/icon_TiYan_V1,Icon,708001:50;806907:40;806919:20;1:1000000,"神族印记*50
雌雄双鞭（闻仲觉醒）*40
倾世元禳(妲己觉醒）*20
金币*1000000",VIP15特权礼包,100,
807916,,807916,进阶礼包（妲己蓝+2）,17,1,1,Item/icon_TiYan_V1,Icon,700128:1;700041:1;700077:1;700169:1;700183:1;700096:1,"朱雀铠*1
天师杖*1
乌烈爪*1
隐身符*1
青鸾戒*1
步云履*1",妲己进阶蓝色+2礼包,100,
807917,,807917,进阶礼包（闻仲紫）,17,1,1,Item/icon_TiYan_V1,Icon,700117:1;700030:1;700078:1;700160:1;700184:1;700096:1,"金乌袍*1
混元斗*1
乌烈罩*1
琵琶玉*1
龙吟戒*1
步云履*1",闻仲进阶紫色礼包,100,
807918,,807918,进阶礼包（闻仲紫+1）,17,1,1,Item/icon_TiYan_V1,Icon,700118:1;700043:1;700079:1;700161:1;700184:1;700097:1,"出尘披风*1
混元法杖*1
追魂手套*1
望舒宝镜*1
龙吟戒*1
乌光神靴*1",闻仲进阶紫色+1礼包,100,
8071001,,8071001,在线礼包,17,1,1,Item/icon_TiYan_V1,Icon,1:20000;806120:1,金币*20000,在线礼包,100,
8071002,,8071002,在线礼包,17,1,1,Item/icon_TiYan_V1,Icon,806001:10,扫荡券*10,在线礼包,100,
8071003,,8071003,在线礼包,17,1,1,Item/icon_TiYan_V1,Icon,2:50,钻石*50,在线礼包,100,
8071004,,8071004,在线礼包,17,1,1,Item/icon_TiYan_V1,Icon,806001:20,扫荡券*20,在线礼包,100,
8071005,,8071005,在线礼包,17,1,1,Item/icon_TiYan_V1,Icon,2:100,钻石*100,在线礼包,100,
8071006,,8071006,在线礼包,17,1,1,Item/icon_TiYan_V1,Icon,805001:1,体力药剂*1,在线礼包,100,
8071007,,8071007,在线礼包,17,1,1,Item/icon_TiYan_V1,Icon,2:200,钻石*200,在线礼包,100,
8071008,,8071008,在线礼包,17,1,1,Item/icon_TiYan_V1,Icon,805001:2,体力药剂*2,在线礼包,100,
8071009,,8071009,在线礼包,17,1,1,Item/icon_TiYan_V1,Icon,2:300,钻石*300,在线礼包,100,
8071010,,8071010,在线礼包,17,1,1,Item/icon_TiYan_V1,Icon,90000215:1,风纪委员时装*1,在线礼包,100,
8071011,,8071011,在线礼包-预览,17,1,1,Item/icon_TiYan_V1,Icon,802996:1;802997:1,风纪委员时装,在线礼包-预览,100,
8071101,,8071101,活跃之王礼包,17,1,1,Item/icon_TiYan_V1,Icon,2:50;803001:30,50钻、低级经验丹*30,活跃之王礼包,100,
8071102,,8071102,活跃之王礼包,17,1,1,Item/icon_TiYan_V1,Icon,2:50;803001:50,50钻、低级经验丹*50,活跃之王礼包,100,
8071103,,8071103,活跃之王礼包,17,1,1,Item/icon_TiYan_V1,Icon,2:50;803001:80,50钻、低级经验丹*80,活跃之王礼包,100,
8071104,,8071104,活跃之王礼包,17,1,1,Item/icon_TiYan_V1,Icon,2:100;803002:20,100钻、中级经验丹*20,活跃之王礼包,100,
8071105,,8071105,活跃之王礼包,17,1,1,Item/icon_TiYan_V1,Icon,2:100;803002:50,100钻、中级经验丹*50,活跃之王礼包,100,
8071106,,8071106,活跃之王礼包,17,1,1,Item/icon_TiYan_V1,Icon,2:100;803002:80,100钻、中级经验丹*80,活跃之王礼包,100,
8071107,,8071107,活跃之王礼包,17,1,1,Item/icon_TiYan_V1,Icon,2:100;803003:20,150钻、高级经验丹*20,活跃之王礼包,100,
8071108,,8071108,活跃之王进度礼包,17,1,1,Item/icon_TiYan_V1,Icon,2:100,100钻,活跃之王礼包,100,
8071109,,8071109,活跃之王进度礼包,17,1,1,Item/icon_TiYan_V1,Icon,2:200,200钻,活跃之王礼包,100,
8071110,,8071110,活跃之王进度礼包,17,1,1,Item/icon_TiYan_V1,Icon,2:300,300钻,活跃之王礼包,100,
8071111,,8071111,活跃之王进度礼包,17,1,1,Item/icon_TiYan_V1,Icon,2:100,100钻,活跃之王礼包,100,
8071112,,8071112,活跃之王进度礼包,17,1,1,Item/icon_TiYan_V1,Icon,2:200,200钻,活跃之王礼包,100,
8071113,,8071113,活跃之王进度礼包,17,1,1,Item/icon_TiYan_V1,Icon,2:300,300钻,活跃之王礼包,100,
8071114,,8071114,积分宝箱,17,1,1,Item/icon_TiYan_V1,Icon,704017:1;1:50000,"魔礼红碎片*1,50000金币",积分宝箱,100,
8071115,,8071115,积分宝箱,17,1,1,Item/icon_TiYan_V1,Icon,704017:1;1:120000,"魔礼红碎片*1,120000金币",积分宝箱,100,
8071116,,8071116,积分宝箱,17,1,1,Item/icon_TiYan_V1,Icon,704017:3;1:450000,"魔礼红碎片*3,450000金币",积分宝箱,100,
8071117,,8071117,积分宝箱,17,1,1,Item/icon_TiYan_V1,Icon,704017:5;1:800000,"魔礼红碎片*5,800000金币",积分宝箱,100,
8071118,,8071118,积分宝箱,17,1,1,Item/icon_TiYan_V1,Icon,704017:10;806553:1;1:800000,"魔礼红碎片*10,觉醒晶石*1,800000金币",积分宝箱,100,
8071119,,8071119,积分宝箱,17,1,1,Item/icon_TiYan_V1,Icon,704017:16;806553:2;1:800000,"魔礼红碎片*16,觉醒晶石*2,800000金币",积分宝箱,100,
8071120,,8071120,积分宝箱,17,1,1,Item/icon_TiYan_V1,Icon,704017:25;806553:3;1:800000,"魔礼红碎片*25,觉醒晶石*3,800000金币",积分宝箱,100,
8071121,,8071121,排行奖励,17,1,1,Item/icon_TiYan_V1,Icon,704012:350,5星燃灯道人+燃灯道人魂石*50,排行奖励,100,
8071122,,8071122,排行奖励,17,1,1,Item/icon_TiYan_V1,Icon,704012:190,4星燃灯道人+燃灯道人魂石*50,排行奖励,100,
8071123,,8071123,排行奖励,17,1,1,Item/icon_TiYan_V1,Icon,704017:100,3星魔礼红+魔礼红魂石*40,排行奖励,100,
8071124,,8071124,排行奖励,17,1,1,Item/icon_TiYan_V1,Icon,704017:70,3星魔礼红+魔礼红魂石*10,排行奖励,100,
8071125,,8071125,排行奖励,17,1,1,Item/icon_TiYan_V1,Icon,704017:50,魔礼红魂石*50,排行奖励,100,
8071126,,8071126,排行奖励,17,1,1,Item/icon_TiYan_V1,Icon,704017:30,魔礼红魂石*30,排行奖励,100,
8071127,,8071127,排行奖励,17,1,1,Item/icon_TiYan_V1,Icon,704017:30,魔礼红魂石*30,排行奖励,100,
8071128,,8071128,每日充值奖励,17,1,1,Item/icon_TiYan_V1,Icon,806355:2;1:88800,道行天尊礼包*2、金币*88800,每日充值奖励,100,
8071129,,8071129,每日充值奖励,17,1,1,Item/icon_TiYan_V1,Icon,806355:4;1:88800,道行天尊礼包*4、金币*88800,每日充值奖励,100,
8071130,,8071130,每日充值奖励,17,1,1,Item/icon_TiYan_V1,Icon,806356:4;1:128800,妲己礼包*4、金币*128800,每日充值奖励,100,
8071131,,8071131,每日充值奖励,17,1,1,Item/icon_TiYan_V1,Icon,806356:8;1:128800,妲己礼包*8、金币*128800,每日充值奖励,100,
8071132,,8071132,每日充值奖励,17,1,1,Item/icon_TiYan_V1,Icon,806357:10;1:288800,喜媚儿礼包*10、金币*288800,每日充值奖励,100,
8071133,,8071133,累计充值奖励,17,1,1,Item/icon_TiYan_V1,Icon,806552:5;1:88800,凝魂咒符*5、金币*88800,累计充值奖励,100,
8071134,,8071134,累计充值奖励,17,1,1,Item/icon_TiYan_V1,Icon,806551:5;1:88800,升符宝珠*5、金币*88800,累计充值奖励,100,
8071135,,8071135,累计充值奖励,17,1,1,Item/icon_TiYan_V1,Icon,704029:50;806552:5;806551:5;1:88800,妲己升1星65%、凝魂咒符*5、升符宝珠*5、金币*88800,累计充值奖励,100,
8071136,,8071136,累计充值奖励,17,1,1,Item/icon_TiYan_V1,Icon,704027:60;806117:1;806118:1;1:88800,喜媚儿（ss)*1；装备宝箱*2（喜媚儿保蓝色）、金币*88800,累计充值奖励,100,
8071137,,8071137,累计充值奖励,17,1,1,Item/icon_TiYan_V1,Icon,806925:20;806553:1;704027:35;1:88800,天宫玉如意*20（主角武器觉醒）、觉醒晶石*1、喜媚儿碎片*35（3->4一半）、金币*88800,累计充值奖励,100,
8071138,,8071138,累计充值奖励,17,1,1,Item/icon_TiYan_V1,Icon,806119:1;708001:50;806925:20;806553:3,8级宝石*5（攻防血暴闪）、主角徽记*50（结合vip特权升1星）、天宫玉如意*20（主角武器觉醒2星）、觉醒晶石*3,累计充值奖励,100,
8071139,,8071139,累计充值奖励,17,1,1,Item/icon_TiYan_V1,Icon,704031:100;806553:10;1:88800,闻仲碎片*100、觉醒晶石*10、金币*88800,累计充值奖励,100,
8071140,,8071140,申公豹驾到,17,1,1,Item/icon_TiYan_V1,Icon,704028:5;806142:5;806005:10,魂石(申公豹)*5、普通法宝宝箱*5、聚灵沙*10,申公豹驾到,100,
8071141,,8071141,申公豹驾到,17,1,1,Item/icon_TiYan_V1,Icon,704028:10;806142:5;806005:10,魂石(申公豹)*10、普通法宝宝箱*5、聚灵沙*10,申公豹驾到,100,
8071142,,8071142,申公豹驾到,17,1,1,Item/icon_TiYan_V1,Icon,704028:15;806143:5;806005:15,魂石(申公豹)*15、高级法宝宝箱*5、聚灵沙*15,申公豹驾到,100,
8071143,,8071143,申公豹驾到,17,1,1,Item/icon_TiYan_V1,Icon,704028:20;806143:5;806005:15,魂石(申公豹)*20、高级法宝宝箱*5、聚灵沙*15,申公豹驾到,100,
8071144,,8071144,申公豹驾到,17,1,1,Item/icon_TiYan_V1,Icon,704028:25;806144:5;806005:20,魂石(申公豹)*25、超级法宝宝箱*5、驭法石*20,申公豹驾到,100,
8071145,,8071145,申公豹驾到,17,1,1,Item/icon_TiYan_V1,Icon,704028:30;806144:5;806005:20,魂石(申公豹)*30、超级法宝宝箱*5、驭法石*20,申公豹驾到,100,
8071146,,8071146,申公豹驾到,17,1,1,Item/icon_TiYan_V1,Icon,704028:35;806144:5;806005:20,魂石(申公豹)*35、超级法宝宝箱*5、驭法石*20,申公豹驾到,100,
8071147,,8071147,每日充值奖励,17,1,1,Item/icon_TiYan_V1,Icon,806915:5;1:100000;803002:20,魔礼红武器觉醒*5、金币*100000、中级经验丹*20,每日充值奖励,100,
8071148,,8071148,每日充值奖励,17,1,1,Item/icon_TiYan_V1,Icon,806915:5;1:100000;803002:20,魔礼红武器觉醒*5、金币*100000、中级经验丹*20,每日充值奖励,100,
8071149,,8071149,每日充值奖励,17,1,1,Item/icon_TiYan_V1,Icon,806915:10;1:150000;803003:20,魔礼红武器觉醒*10、金币*150000、高级经验丹*20,每日充值奖励,100,
8071150,,8071150,每日充值奖励,17,1,1,Item/icon_TiYan_V1,Icon,806923:10;1:150000;803003:20,喜媚儿武器觉醒*10、金币*150000、高级经验丹*20,每日充值奖励,100,
8071151,,8071151,每日充值奖励,17,1,1,Item/icon_TiYan_V1,Icon,806923:10;1:300000;803003:40,喜媚儿武器觉醒*10、金币*300000、高级经验丹*40,每日充值奖励,100,
8071152,,8071152,累计充值奖励,17,1,1,Item/icon_TiYan_V1,Icon,704001:5;806142:5;806005:10,魂石(黄飞虎)*5、中级法宝宝箱*5、聚灵沙*10,累计充值奖励,100,
8071153,,8071153,累计充值奖励,17,1,1,Item/icon_TiYan_V1,Icon,704001:10;806142:5;806005:10,魂石(黄飞虎)*10、中级法宝宝箱*5、聚灵沙*10,累计充值奖励,100,
8071154,,8071154,累计充值奖励,17,1,1,Item/icon_TiYan_V1,Icon,704001:15;806143:5;806005:15,魂石(黄飞虎)*15、高级法宝宝箱*5、聚灵沙*15,累计充值奖励,100,
8071155,,8071155,累计充值奖励,17,1,1,Item/icon_TiYan_V1,Icon,704001:20;806143:5;806005:15,魂石(黄飞虎)*20、高级法宝宝箱*5、聚灵沙*15,累计充值奖励,100,
8071156,,8071156,累计充值奖励,17,1,1,Item/icon_TiYan_V1,Icon,704001:25;806144:5;806006:20,魂石(黄飞虎)*25、神级法宝宝箱*5、驭法石*20,累计充值奖励,100,
8071157,,8071157,累计充值奖励,17,1,1,Item/icon_TiYan_V1,Icon,704001:30;806144:5;806006:20,魂石(黄飞虎)*30、神级法宝宝箱*5、驭法石*20,累计充值奖励,100,
8071158,,8071158,累计充值奖励,17,1,1,Item/icon_TiYan_V1,Icon,704001:35;806144:5;806006:20,魂石(黄飞虎)*35、神级法宝宝箱*5、驭法石*20,累计充值奖励,100,
8071159,,8071159,活跃之王进度礼包,17,1,1,Item/icon_TiYan_V1,Icon,2:100,100钻,活跃之王礼包,100,
8071160,,8071160,活跃之王进度礼包,17,1,1,Item/icon_TiYan_V1,Icon,2:200,200钻,活跃之王礼包,100,
8071161,,8071161,活跃之王进度礼包,17,1,1,Item/icon_TiYan_V1,Icon,2:300,300钻,活跃之王礼包,100,
8071162,,8071162,活跃之王礼包,17,1,1,Item/icon_TiYan_V1,Icon,2:50;804001:4,钻*50、初级灵石*4,活跃之王礼包,100,
8071163,,8071163,活跃之王礼包,17,1,1,Item/icon_TiYan_V1,Icon,2:50;804001:6,钻*50、初级灵石*6,活跃之王礼包,100,
8071164,,8071164,活跃之王礼包,17,1,1,Item/icon_TiYan_V1,Icon,2:50;804001:8,钻*50、初级灵石*8,活跃之王礼包,100,
8071165,,8071165,活跃之王礼包,17,1,1,Item/icon_TiYan_V1,Icon,2:100;804002:2,钻*100、中级灵石*2,活跃之王礼包,100,
8071166,,8071166,活跃之王礼包,17,1,1,Item/icon_TiYan_V1,Icon,2:100;804002:4,钻*100、中级灵石*4,活跃之王礼包,100,
8071167,,8071167,活跃之王礼包,17,1,1,Item/icon_TiYan_V1,Icon,2:100;804002:6,钻*100、中级灵石*6,活跃之王礼包,100,
8071168,,8071168,活跃之王礼包,17,1,1,Item/icon_TiYan_V1,Icon,2:100;804003:8,钻*150、中级灵石*8,活跃之王礼包,100,
809001,,809001,天尊锦囊,17,1,1,Hero_head/head_DaoXingTianZun,Icon,704023:7,道行天尊碎片*7,天尊锦囊,,
809002,,809002,天尊锦囊,17,1,1,Hero_head/head_DaoXingTianZun,Icon,704023:7,道行天尊碎片*7,天尊锦囊,,
809003,,809003,天尊锦囊,17,1,1,Hero_head/head_DaoXingTianZun,Icon,704023:8,道行天尊碎片*8,天尊锦囊,,
809004,,809004,天尊锦囊,17,1,1,Hero_head/head_DaoXingTianZun,Icon,704023:8,道行天尊碎片*8,天尊锦囊,,
809005,,809005,天尊锦囊,17,1,1,Hero_head/head_DaoXingTianZun,Icon,704023:15,道行天尊碎片*15,天尊锦囊,,
809006,,809006,天尊锦囊,17,1,1,Hero_head/head_DaoXingTianZun,Icon,704023:15,道行天尊碎片*15,天尊锦囊,,
808001,,808001,关卡宝箱,17,1,1,Item/icon_TiYan_V1,Icon,704019:10;700073:1;700174:1;700091:1,省略,关卡宝箱,,
808002,,808002,关卡宝箱,17,1,1,Item/icon_TiYan_V1,Icon,704019:5;700137:1;700026:1;700062:1,省略,关卡宝箱,,
808003,,808003,关卡宝箱,17,1,1,Item/icon_TiYan_V1,Icon,704004:10;704019:5;700148:1;700181:1,省略,关卡宝箱,,
808004,,808004,关卡宝箱,17,1,1,Item/icon_TiYan_V1,Icon,704019:5;700137:1;700026:1;700062:1,省略,关卡宝箱,,
808005,,808005,关卡宝箱,17,1,1,Item/icon_TiYan_V1,Icon,704019:5;700138:1;700027:1;700063:1,省略,关卡宝箱,,
808006,,808006,关卡宝箱,17,1,1,Item/icon_TiYan_V1,Icon,704019:5;700063:1;700149:1;700182:1,省略,关卡宝箱,,
808007,,808007,关卡宝箱,17,1,1,Item/icon_TiYan_V1,Icon,704019:5;700138:1;700027:1;700063:1,省略,关卡宝箱,,
808008,,808008,关卡宝箱,17,1,1,Item/icon_TiYan_V1,Icon,704019:5;700063:1;700149:1;700182:1,省略,关卡宝箱,,
808009,,808009,关卡宝箱,17,1,1,Item/icon_TiYan_V1,Icon,704019:5;700139:1;700028:1;700064:1,省略,关卡宝箱,,
808010,,808010,关卡宝箱,17,1,1,Item/icon_TiYan_V1,Icon,704019:5;700064:1;700150:1;700183:1,省略,关卡宝箱,,
808011,,808011,关卡宝箱,17,1,1,Item/icon_TiYan_V1,Icon,704019:5;700140:1;700029:1;700065:1,省略,关卡宝箱,,
808012,,808012,关卡宝箱,17,1,1,Item/icon_TiYan_V1,Icon,704019:5;700065:1;700150:1;700183:1,省略,关卡宝箱,,
808013,,808013,关卡宝箱,17,1,1,Item/icon_TiYan_V1,Icon,704019:5;700141:1;700030:1;700066:1,省略,关卡宝箱,,
808014,,808014,关卡宝箱,17,1,1,Item/icon_TiYan_V1,Icon,704019:5;700151:1;700185:1;700096:1,省略,关卡宝箱,,
808015,,808015,关卡宝箱,17,1,1,Item/icon_TiYan_V1,Icon,704019:5;700141:1;700030:1,省略,关卡宝箱,,
808016,,808016,关卡宝箱,17,1,1,Item/icon_TiYan_V1,Icon,704019:5;700066:1;700151:1,省略,关卡宝箱,,
808017,,808017,关卡宝箱,17,1,1,Item/icon_TiYan_V1,Icon,704019:5;700185:1;700096:1,省略,关卡宝箱,,
808018,,808018,关卡宝箱,17,1,1,Item/icon_TiYan_V1,Icon,704019:5;700141:1;700030:1,省略,关卡宝箱,,
808019,,808019,关卡宝箱,17,1,1,Item/icon_TiYan_V1,Icon,704019:5;700066:1;700151:1,省略,关卡宝箱,,
808020,,808020,关卡宝箱,17,1,1,Item/icon_TiYan_V1,Icon,704019:5;700185:1;700096:1,省略,关卡宝箱,,
808021,,808021,关卡宝箱,17,1,1,Item/icon_TiYan_V1,Icon,704019:5;700142:1;700031:1,省略,关卡宝箱,,
808022,,808022,关卡宝箱,17,1,1,Item/icon_TiYan_V1,Icon,704019:5;700067:1;700153:1,省略,关卡宝箱,,
808023,,808023,关卡宝箱,17,1,1,Item/icon_TiYan_V1,Icon,704019:5;700186:1;700097:1,省略,关卡宝箱,,
808024,,808024,关卡宝箱,17,1,1,Item/icon_TiYan_V1,Icon,704019:5;700143:1;700032:1,省略,关卡宝箱,,
808025,,808025,关卡宝箱,17,1,1,Item/icon_TiYan_V1,Icon,704019:5;700068:1;700153:1,省略,关卡宝箱,,
808026,,808026,关卡宝箱,17,1,1,Item/icon_TiYan_V1,Icon,704019:5;700186:1;700097:1,省略,关卡宝箱,,
808027,,808027,关卡宝箱,17,1,1,Item/icon_TiYan_V1,Icon,704019:5;700143:1;700032:1,省略,关卡宝箱,,
808028,,808028,关卡宝箱,17,1,1,Item/icon_TiYan_V1,Icon,704019:5;700068:1;700154:1,省略,关卡宝箱,,
808029,,808029,关卡宝箱,17,1,1,Item/icon_TiYan_V1,Icon,704019:5;700144:1;700033:1,省略,关卡宝箱,,
808030,,808030,关卡宝箱,17,1,1,Item/icon_TiYan_V1,Icon,704019:5;700069:1;700154:1,省略,关卡宝箱,,
808031,,808031,关卡宝箱,17,1,1,Item/icon_TiYan_V1,Icon,704019:5;700187:1;700097:1,省略,关卡宝箱,,
808032,,808032,关卡宝箱,17,1,1,Item/icon_TiYan_V1,Icon,704019:5;700145:1;700034:1,省略,关卡宝箱,,
808033,,808033,关卡宝箱,17,1,1,Item/icon_TiYan_V1,Icon,704019:5;700070:1;700155:1,省略,关卡宝箱,,
808034,,808034,关卡宝箱,17,1,1,Item/icon_TiYan_V1,Icon,704019:5;700188:1;700098:1,省略,关卡宝箱,,
808035,,808035,关卡宝箱,17,1,1,Item/icon_TiYan_V1,Icon,704019:5;700145:1;700034:1,省略,关卡宝箱,,
808036,,808036,关卡宝箱,17,1,1,Item/icon_TiYan_V1,Icon,704019:5;700070:1;700155:1,省略,关卡宝箱,,
808037,,808037,关卡宝箱,17,1,1,Item/icon_TiYan_V1,Icon,704019:5;700188:1;700098:1,省略,关卡宝箱,,
808038,,808038,关卡宝箱,17,1,1,Item/icon_TiYan_V1,Icon,704019:5;700146:1;700035:1,省略,关卡宝箱,,
808039,,808039,关卡宝箱,17,1,1,Item/icon_TiYan_V1,Icon,704019:5;700071:1;700155:1,省略,关卡宝箱,,
808040,,808040,关卡宝箱,17,1,1,Item/icon_TiYan_V1,Icon,704019:5;700188:1;700098:1,省略,关卡宝箱,,
808041,,808041,关卡宝箱,17,1,1,Item/icon_TiYan_V1,Icon,704019:5;700146:1;700035:1,省略,关卡宝箱,,
808501,,808501,关卡宝箱,17,1,1,Item/icon_TiYan_V1,Icon,704001:5,省略,关卡宝箱,,
808502,,808502,关卡宝箱,17,1,1,Item/icon_TiYan_V1,Icon,704001:5,省略,关卡宝箱,,
808503,,808503,关卡宝箱,17,1,1,Item/icon_TiYan_V1,Icon,704001:5,省略,关卡宝箱,,
808504,,808504,关卡宝箱,17,1,1,Item/icon_TiYan_V1,Icon,704001:5,省略,关卡宝箱,,
808505,,808505,关卡宝箱,17,1,1,Item/icon_TiYan_V1,Icon,704001:5,省略,关卡宝箱,,
808506,,808506,关卡宝箱,17,1,1,Item/icon_TiYan_V1,Icon,704001:5,省略,关卡宝箱,,
808507,,808507,关卡宝箱,17,1,1,Item/icon_TiYan_V1,Icon,704001:5,省略,关卡宝箱,,
808508,,808508,关卡宝箱,17,1,1,Item/icon_TiYan_V1,Icon,704001:5,省略,关卡宝箱,,
808509,,808509,关卡宝箱,17,1,1,Item/icon_TiYan_V1,Icon,704001:5,省略,关卡宝箱,,
808510,,808510,关卡宝箱,17,1,1,Item/icon_TiYan_V1,Icon,704001:5,省略,关卡宝箱,,
808511,,808511,关卡宝箱,17,1,1,Item/icon_TiYan_V1,Icon,704001:5,省略,关卡宝箱,,
808512,,808512,关卡宝箱,17,1,1,Item/icon_TiYan_V1,Icon,704001:5,省略,关卡宝箱,,
808513,,808513,关卡宝箱,17,1,1,Item/icon_TiYan_V1,Icon,704001:5,省略,关卡宝箱,,
808514,,808514,关卡宝箱,17,1,1,Item/icon_TiYan_V1,Icon,704001:5,省略,关卡宝箱,,
808515,,808515,关卡宝箱,17,1,1,Item/icon_TiYan_V1,Icon,704001:5,省略,关卡宝箱,,
808516,,808516,关卡宝箱,17,1,1,Item/icon_TiYan_V1,Icon,704001:5,省略,关卡宝箱,,
808517,,808517,关卡宝箱,17,1,1,Item/icon_TiYan_V1,Icon,704001:5,省略,关卡宝箱,,
808518,,808518,关卡宝箱,17,1,1,Item/icon_TiYan_V1,Icon,704001:5,省略,关卡宝箱,,
808519,,808519,关卡宝箱,17,1,1,Item/icon_TiYan_V1,Icon,704001:5,省略,关卡宝箱,,
808520,,808520,关卡宝箱,17,1,1,Item/icon_TiYan_V1,Icon,704001:5,省略,关卡宝箱,,
808521,,808521,关卡宝箱,17,1,1,Item/icon_TiYan_V1,Icon,704001:5,省略,关卡宝箱,,
808522,,808522,关卡宝箱,17,1,1,Item/icon_TiYan_V1,Icon,704001:5,省略,关卡宝箱,,
808523,,808523,关卡宝箱,17,1,1,Item/icon_TiYan_V1,Icon,704001:5,省略,关卡宝箱,,
808524,,808524,关卡宝箱,17,1,1,Item/icon_TiYan_V1,Icon,704001:5,省略,关卡宝箱,,
808525,,808525,关卡宝箱,17,1,1,Item/icon_TiYan_V1,Icon,704001:5,省略,关卡宝箱,,
808526,,808526,关卡宝箱,17,1,1,Item/icon_TiYan_V1,Icon,704001:5,省略,关卡宝箱,,
808527,,808527,关卡宝箱,17,1,1,Item/icon_TiYan_V1,Icon,704001:5,省略,关卡宝箱,,
808528,,808528,关卡宝箱,17,1,1,Item/icon_TiYan_V1,Icon,704001:5,省略,关卡宝箱,,
808529,,808529,关卡宝箱,17,1,1,Item/icon_TiYan_V1,Icon,704001:5,省略,关卡宝箱,,
808530,,808530,关卡宝箱,17,1,1,Item/icon_TiYan_V1,Icon,704001:5,省略,关卡宝箱,,
808531,,808531,关卡宝箱,17,1,1,Item/icon_TiYan_V1,Icon,704001:5,省略,关卡宝箱,,
808532,,808532,关卡宝箱,17,1,1,Item/icon_TiYan_V1,Icon,704001:5,省略,关卡宝箱,,
808533,,808533,关卡宝箱,17,1,1,Item/icon_TiYan_V1,Icon,704001:5,省略,关卡宝箱,,
808534,,808534,关卡宝箱,17,1,1,Item/icon_TiYan_V1,Icon,704001:5,省略,关卡宝箱,,
808535,,808535,关卡宝箱,17,1,1,Item/icon_TiYan_V1,Icon,704001:5,省略,关卡宝箱,,
808536,,808536,关卡宝箱,17,1,1,Item/icon_TiYan_V1,Icon,704001:5,省略,关卡宝箱,,
808537,,808537,关卡宝箱,17,1,1,Item/icon_TiYan_V1,Icon,704001:5,省略,关卡宝箱,,
808538,,808538,关卡宝箱,17,1,1,Item/icon_TiYan_V1,Icon,704001:5,省略,关卡宝箱,,
808539,,808539,关卡宝箱,17,1,1,Item/icon_TiYan_V1,Icon,704001:5,省略,关卡宝箱,,
808540,,808540,关卡宝箱,17,1,1,Item/icon_TiYan_V1,Icon,704001:5,省略,关卡宝箱,,
808541,,808541,关卡宝箱,17,1,1,Item/icon_TiYan_V1,Icon,704001:5,省略,关卡宝箱,,